country_name,iso3,year,health_expenditure_pct_gdp,country_code,vaccination_coverage_pct,vaccination_capacity_daily,active_who_alerts,outbreak_deaths
Afghanistan,,2021,,,9.13,70761.0,,
Afghanistan,,2022,,,26.15,190328.0,,
Afghanistan,,2023,,,44.67,218908.0,,
Africa,,2021,,,8.74,2451504.0,,
Africa,,2022,,,27.47,4180515.0,,
Africa,,2023,,,32.41,1095257.0,,
Albania,,2021,,,36.28,17565.0,,
Albania,,2022,,,44.68,16639.0,,
Albania,,2023,,,45.01,663.0,,
Algeria,,2021,,,12.49,256927.0,,
Algeria,,2022,,,14.43,204830.0,,
Andorra,,2021,,,64.37,1762.0,,
Andorra,,2022,,,66.99,1266.0,,
Andorra,,2023,,,67.01,12.0,,
Angola,,2021,,,11.04,183173.0,,
Angola,,2022,,,23.19,144266.0,,
Angola,,2023,,,27.0,46854.0,,
Anguilla,,2021,,,58.09,331.0,,
Anguilla,,2022,,,65.33,38.0,,
Anguilla,,2023,,,65.38,5.0,,
Antigua and Barbuda,,2021,,,62.77,1278.0,,
Antigua and Barbuda,,2022,,,66.53,201.0,,
Argentina,ARG,2000,4.499,AR,,,,
Argentina,ARG,2001,4.594,AR,,,,
Argentina,ARG,2002,4.034,AR,,,,
Argentina,ARG,2003,3.774,AR,,,,
Argentina,ARG,2004,3.746,AR,,,,
Argentina,ARG,2005,3.915,AR,,,,
Argentina,ARG,2006,4.019,AR,,,,
Argentina,ARG,2007,4.257,AR,,,,
Argentina,ARG,2008,4.509,AR,,,,
Argentina,ARG,2009,5.672,AR,,,,
Argentina,ARG,2010,5.572,AR,,,,
Argentina,ARG,2011,5.688,AR,,,,
Argentina,ARG,2012,6.144,AR,,,,
Argentina,ARG,2013,6.264,AR,,,,
Argentina,ARG,2014,6.361,AR,,,,
Argentina,ARG,2015,6.853,AR,,,,
Argentina,ARG,2016,6.472,AR,,,,
Argentina,ARG,2017,6.74,AR,,,,
Argentina,ARG,2018,6.151,AR,,,,
Argentina,ARG,2019,6.245,AR,,,,
Argentina,ARG,2020,7.078,AR,0.0,20102.0,,
Argentina,,2021,,,67.63,391365.0,,
Argentina,,2022,,,76.48,453344.0,,
Argentina,,2023,,,76.69,77963.0,,
Argentina,,2024,,,76.69,16962.0,,
Armenia,,2021,,,24.89,17910.0,,
Armenia,,2022,,,35.45,10318.0,,
Armenia,,2023,,,37.07,3331.0,,
Aruba,,2021,,,74.21,2679.0,,
Aruba,,2022,,,78.89,191.0,,
Aruba,,2023,,,79.24,8.0,,
Aruba,,2024,,,79.25,1.0,,
Asia,,2020,,,0.0,304121.0,,
Asia,,2021,,,56.12,33844798.0,,
Asia,,2022,,,72.11,26050685.0,,
Asia,,2023,,,73.33,3032064.0,,
Asia,,2024,,,73.33,7569.0,,
Australia,AUS,2000,5.189,AS,,,,
Australia,AUS,2001,5.2,AS,,,,
Australia,AUS,2002,5.402,AS,,,,
Australia,AUS,2003,5.36,AS,,,,
Australia,AUS,2004,5.524,AS,,,,
Australia,AUS,2005,5.448,AS,,,,
Australia,AUS,2006,5.445,AS,,,,
Australia,AUS,2007,5.58,AS,,,,
Australia,AUS,2008,5.691,AS,,,,
Australia,AUS,2009,5.92,AS,,,,
Australia,AUS,2010,5.779,AS,,,,
Australia,AUS,2011,5.907,AS,,,,
Australia,AUS,2012,5.855,AS,,,,
Australia,AUS,2013,5.683,AS,,,,
Australia,AUS,2014,6.64,AS,,,,
Australia,AUS,2015,6.975,AS,,,,
Australia,AUS,2016,6.971,AS,,,,
Australia,AUS,2017,7.005,AS,,,,
Australia,AUS,2018,6.996,AS,,,,
Australia,AUS,2019,7.349,AS,,,,
Australia,AUS,2020,7.669,AS,,,,
Australia,,2021,,,75.47,295848.0,,
Australia,,2022,,,82.7,283921.0,,
Australia,,2023,,,,36214.0,,
Austria,AUT,2000,6.994,AU,,,,
Austria,AUT,2001,6.986,AU,,,,
Austria,AUT,2002,7.086,AU,,,,
Austria,AUT,2003,7.149,AU,,,,
Austria,AUT,2004,7.189,AU,,,,
Austria,AUT,2005,7.18,AU,,,,
Austria,AUT,2006,7.161,AU,,,,
Austria,AUT,2007,7.139,AU,,,,
Austria,AUT,2008,7.353,AU,,,,
Austria,AUT,2009,7.74,AU,,,,
Austria,AUT,2010,7.682,AU,,,,
Austria,AUT,2011,7.539,AU,,,,
Austria,AUT,2012,7.676,AU,,,,
Austria,AUT,2013,7.684,AU,,,,
Austria,AUT,2014,7.755,AU,,,,
Austria,AUT,2015,7.741,AU,,,,
Austria,AUT,2016,7.715,AU,,,,
Austria,AUT,2017,7.738,AU,,,,
Austria,AUT,2018,7.776,AU,,,,
Austria,AUT,2019,7.906,AU,,,,
Austria,AUT,2020,8.72,AU,,,,
Austria,,2021,,,70.64,113669.0,,
Austria,,2022,,,74.73,48254.0,,
Austria,,2023,,,74.76,2717.0,,
Azerbaijan,,2021,,,45.15,85991.0,,
Azerbaijan,,2022,,,46.94,52993.0,,
Bahamas,,2021,,,35.94,3473.0,,
Bahamas,,2022,,,40.4,957.0,,
Bahamas,,2023,,,40.73,13.0,,
Bahrain,,2020,,,,11106.0,,
Bahrain,,2021,,,80.01,22003.0,,
Bahrain,,2022,,,83.33,8063.0,,
Bangladesh,,2021,,,23.8,1504836.0,,
Bangladesh,,2022,,,73.41,3758404.0,,
Bangladesh,,2023,,,83.06,1054122.0,,
Bangladesh,,2024,,,83.07,2897.0,,
Barbados,,2021,,,51.01,4526.0,,
Barbados,,2022,,,55.03,5597.0,,
Barbados,,2023,,,55.05,24.0,,
Belarus,,2020,,,,403.0,,
Belarus,,2021,,,33.86,77113.0,,
Belarus,,2022,,,66.42,67398.0,,
Belarus,,2023,,,67.28,36327.0,,
Belgium,BEL,2000,5.968,BE,,,,
Belgium,BEL,2001,6.146,BE,,,,
Belgium,BEL,2002,6.139,BE,,,,
Belgium,BEL,2003,6.783,BE,,,,
Belgium,BEL,2004,6.986,BE,,,,
Belgium,BEL,2005,6.889,BE,,,,
Belgium,BEL,2006,6.801,BE,,,,
Belgium,BEL,2007,6.769,BE,,,,
Belgium,BEL,2008,7.261,BE,,,,
Belgium,BEL,2009,7.838,BE,,,,
Belgium,BEL,2010,7.768,BE,,,,
Belgium,BEL,2011,7.826,BE,,,,
Belgium,BEL,2012,7.986,BE,,,,
Belgium,BEL,2013,7.992,BE,,,,
Belgium,BEL,2014,8.028,BE,,,,
Belgium,BEL,2015,8.26,BE,,,,
Belgium,BEL,2016,8.307,BE,,,,
Belgium,BEL,2017,8.31,BE,,,,
Belgium,BEL,2018,8.321,BE,,,,
Belgium,BEL,2019,8.076,BE,,,,
Belgium,BEL,2020,8.717,BE,0.0,272.0,,
Belgium,,2021,,,75.75,155101.0,,
Belgium,,2022,,,78.61,118967.0,,
Belgium,,2023,,,78.68,55472.0,,
Belgium,,2024,,,78.68,368.0,,
Belize,,2021,,,49.13,4569.0,,
Belize,,2022,,,54.59,1244.0,,
Belize,,2023,,,54.63,400.0,,
Benin,,2021,,,9.88,60281.0,,
Benin,,2022,,,20.54,22068.0,,
Bermuda,,2021,,,70.42,1224.0,,
Bermuda,,2022,,,74.22,546.0,,
Bhutan,,2021,,,72.22,91636.0,,
Bhutan,,2022,,,86.61,33832.0,,
Bolivia,,2021,,,37.58,80071.0,,
Bolivia,,2022,,,50.4,107780.0,,
Bonaire Sint Eustatius and Saba,,2021,,,61.87,196.0,,
Bosnia and Herzegovina,,2021,,,22.29,17247.0,,
Bosnia and Herzegovina,,2022,,,26.17,4315.0,,
Botswana,,2021,,,39.31,15933.0,,
Botswana,,2022,,,54.22,56751.0,,
Botswana,,2023,,,63.24,1444.0,,
Brazil,BRA,2000,3.47,BR,,,,
Brazil,BRA,2001,3.513,BR,,,,
Brazil,BRA,2002,3.686,BR,,,,
Brazil,BRA,2003,3.51,BR,,,,
Brazil,BRA,2004,3.467,BR,,,,
Brazil,BRA,2005,3.345,BR,,,,
Brazil,BRA,2006,3.542,BR,,,,
Brazil,BRA,2007,3.485,BR,,,,
Brazil,BRA,2008,3.505,BR,,,,
Brazil,BRA,2009,3.708,BR,,,,
Brazil,BRA,2010,3.577,BR,,,,
Brazil,BRA,2011,3.467,BR,,,,
Brazil,BRA,2012,3.356,BR,,,,
Brazil,BRA,2013,3.556,BR,,,,
Brazil,BRA,2014,3.709,BR,,,,
Brazil,BRA,2015,3.861,BR,,,,
Brazil,BRA,2016,3.952,BR,,,,
Brazil,BRA,2017,3.96,BR,,,,
Brazil,BRA,2018,3.897,BR,,,,
Brazil,BRA,2019,3.93,BR,,,,
Brazil,BRA,2020,4.18,BR,,,,
Brazil,,2021,,,66.62,1941268.0,,
Brazil,,2022,,,81.22,1780427.0,,
Brazil,,2023,,,81.82,283507.0,,
British Virgin Islands,,2021,,,54.27,343.0,,
British Virgin Islands,,2022,,,58.28,265.0,,
Brunei,,2021,,,89.24,7901.0,,
Brunei,,2022,,,99.32,5941.0,,
Brunei,,2023,,,99.49,226.0,,
Bulgaria,BGR,2003,4.393,BU,,,,
Bulgaria,BGR,2004,4.117,BU,,,,
Bulgaria,BGR,2005,4.128,BU,,,,
Bulgaria,BGR,2006,3.659,BU,,,,
Bulgaria,BGR,2007,3.457,BU,,,,
Bulgaria,BGR,2008,3.532,BU,,,,
Bulgaria,BGR,2009,3.583,BU,,,,
Bulgaria,BGR,2010,3.932,BU,,,,
Bulgaria,BGR,2011,3.86,BU,,,,
Bulgaria,BGR,2012,3.845,BU,,,,
Bulgaria,BGR,2013,4.056,BU,,,,
Bulgaria,BGR,2014,4.493,BU,,,,
Bulgaria,BGR,2015,4.15,BU,,,,
Bulgaria,BGR,2016,4.129,BU,,,,
Bulgaria,BGR,2017,4.224,BU,,,,
Bulgaria,BGR,2018,4.337,BU,,,,
Bulgaria,BGR,2019,4.313,BU,,,,
Bulgaria,BGR,2020,5.327,BU,,2889.0,,
Bulgaria,,2021,,,28.24,27038.0,,
Bulgaria,,2022,,,30.59,24996.0,,
Bulgaria,,2023,,,30.64,3294.0,,
Bulgaria,,2024,,,30.64,80.0,,
Burkina Faso,,2021,,,2.86,39484.0,,
Burkina Faso,,2022,,,14.71,38038.0,,
Burkina Faso,,2023,,,23.08,29215.0,,
Burundi,,2021,,,0.03,410.0,,
Burundi,,2022,,,0.22,190.0,,
Burundi,,2023,,,0.28,252.0,,
Cambodia,,2021,,,81.46,289014.0,,
Cambodia,,2022,,,87.11,593431.0,,
Cambodia,,2023,,,87.63,29246.0,,
Cambodia,,2024,,,,,1.0,0.0
Cameroon,,2021,,,2.36,47269.0,,
Cameroon,,2022,,,9.78,232219.0,,
Cameroon,,2023,,,11.45,12860.0,,
Canada,CAN,2000,5.771,CA,,,,
Canada,CAN,2001,6.012,CA,,,,
Canada,CAN,2002,6.135,CA,,,,
Canada,CAN,2003,6.303,CA,,,,
Canada,CAN,2004,6.335,CA,,,,
Canada,CAN,2005,6.312,CA,,,,
Canada,CAN,2006,6.488,CA,,,,
Canada,CAN,2007,6.575,CA,,,,
Canada,CAN,2008,6.701,CA,,,,
Canada,CAN,2009,7.523,CA,,,,
Canada,CAN,2010,7.483,CA,,,,
Canada,CAN,2011,7.313,CA,,,,
Canada,CAN,2012,7.438,CA,,,,
Canada,CAN,2013,7.405,CA,,,,
Canada,CAN,2014,7.279,CA,,,,
Canada,CAN,2015,7.631,CA,,,,
Canada,CAN,2016,7.727,CA,,,,
Canada,CAN,2017,7.609,CA,,,,
Canada,CAN,2018,7.605,CA,,,,
Canada,CAN,2019,7.683,CA,,,,
Canada,CAN,2020,9.615,CA,0.0,7200.0,,
Canada,,2021,,,76.55,545858.0,,
Canada,,2022,,,82.52,384186.0,,
Canada,,2023,,,82.59,84021.0,,
Canada,,2024,,,,14240.0,,
Cape Verde,,2021,,,43.15,6701.0,,
Cape Verde,,2022,,,52.05,2880.0,,
Cayman Islands,,2020,,,,275.0,,
Cayman Islands,,2021,,,82.78,1024.0,,
Cayman Islands,,2022,,,88.09,226.0,,
Cayman Islands,,2023,,,88.32,20.0,,
Central African Republic,,2021,,,6.0,18602.0,,
Central African Republic,,2022,,,34.68,25469.0,,
Central African Republic,,2023,,,44.54,11116.0,,
Chad,,2021,,,0.46,4722.0,,
Chad,,2022,,,20.45,141029.0,,
Chad,,2023,,,28.33,153584.0,,
Chile,CHL,2000,3.733,CI,,,,
Chile,CHL,2001,3.742,CI,,,,
Chile,CHL,2002,3.807,CI,,,,
Chile,CHL,2003,3.786,CI,,,,
Chile,CHL,2004,3.662,CI,,,,
Chile,CHL,2005,3.506,CI,,,,
Chile,CHL,2006,3.285,CI,,,,
Chile,CHL,2007,3.416,CI,,,,
Chile,CHL,2008,3.801,CI,,,,
Chile,CHL,2009,4.638,CI,,,,
Chile,CHL,2010,4.025,CI,,,,
Chile,CHL,2011,4.043,CI,,,,
Chile,CHL,2012,4.211,CI,,,,
Chile,CHL,2013,4.437,CI,,,,
Chile,CHL,2014,4.622,CI,,,,
Chile,CHL,2015,4.906,CI,,,,
Chile,CHL,2016,5.006,CI,,,,
Chile,CHL,2017,5.468,CI,,,,
Chile,CHL,2018,5.565,CI,,,,
Chile,CHL,2019,5.68,CI,,,,
Chile,CHL,2020,6.33,CI,,4779.0,,
Chile,,2021,,,84.41,298755.0,,
Chile,,2022,,,90.27,163834.0,,
Chile,,2023,,,90.29,14791.0,,
China,CHN,2000,0.976,CH,,,,
China,CHN,2001,0.959,CH,,,,
China,CHN,2002,1.095,CH,,,,
China,CHN,2003,1.233,CH,,,,
China,CHN,2004,1.276,CH,,,,
China,CHN,2005,1.352,CH,,,,
China,CHN,2006,1.371,CH,,,,
China,CHN,2007,1.415,CH,,,,
China,CHN,2008,1.703,CH,,,,
China,CHN,2009,2.107,CH,,,,
China,CHN,2010,2.14,CH,,,,
China,CHN,2011,2.278,CH,,,,
China,CHN,2012,2.505,CH,,,,
China,CHN,2013,2.657,CH,,,,
China,CHN,2014,2.752,CH,,,,
China,CHN,2015,2.928,CH,,,,
China,CHN,2016,2.835,CH,,,,
China,CHN,2017,2.809,CH,,,,
China,CHN,2018,2.862,CH,,,,
China,CHN,2019,2.957,CH,,,,
China,CHN,2020,3.038,CH,,187500.0,,
China,,2021,,,84.68,22424286.0,,
China,,2022,,,89.35,11882143.0,,
China,,2023,,,89.54,952714.0,,
China,,2024,,,,,1.0,0.0
Cholera in Liberia,,2021,,,,,0.0,0.0
Cholera in the Comoros Islands,,2021,,,,,0.0,0.0
CoV) - update,,2013,,,,,0.0,0.0
CoV) – Saudi Arabia,,2021,,,,,2.0,0.0
CoV) – update,,2014,,,,,0.0,0.0
Colombia,COL,2000,4.312,CO,,,,
Colombia,COL,2001,4.577,CO,,,,
Colombia,COL,2002,4.495,CO,,,,
Colombia,COL,2003,4.608,CO,,,,
Colombia,COL,2004,4.407,CO,,,,
Colombia,COL,2005,4.499,CO,,,,
Colombia,COL,2006,4.712,CO,,,,
Colombia,COL,2007,4.749,CO,,,,
Colombia,COL,2008,4.911,CO,,,,
Colombia,COL,2009,5.438,CO,,,,
Colombia,COL,2010,5.29,CO,,,,
Colombia,COL,2011,5.15,CO,,,,
Colombia,COL,2012,4.984,CO,,,,
Colombia,COL,2013,5.304,CO,,,,
Colombia,COL,2014,5.474,CO,,,,
Colombia,COL,2015,5.741,CO,,,,
Colombia,COL,2016,5.731,CO,,,,
Colombia,COL,2017,5.882,CO,,,,
Colombia,COL,2018,5.905,CO,,,,
Colombia,COL,2019,5.994,CO,,,,
Colombia,COL,2020,6.73,CO,,,,
Colombia,,2021,,,54.6,414465.0,,
Colombia,,2022,,,71.09,278525.0,,
Colombia,,2023,,,71.72,15599.0,,
Comoros,,2021,,,29.41,5633.0,,
Comoros,,2022,,,47.45,7718.0,,
Congo,,2021,,,2.28,7088.0,,
Congo,,2022,,,10.96,2283.0,,
Cook Islands,,2021,,,73.38,812.0,,
Cook Islands,,2022,,,86.4,1433.0,,
Cook Islands,,2023,,,86.47,1.0,,
Costa Rica,CRI,2004,4.431,CS,,,,
Costa Rica,CRI,2005,4.321,CS,,,,
Costa Rica,CRI,2006,4.641,CS,,,,
Costa Rica,CRI,2007,4.685,CS,,,,
Costa Rica,CRI,2008,5.121,CS,,,,
Costa Rica,CRI,2009,5.638,CS,,,,
Costa Rica,CRI,2010,5.871,CS,,,,
Costa Rica,CRI,2011,5.919,CS,,,,
Costa Rica,CRI,2012,5.766,CS,,,,
Costa Rica,CRI,2013,5.751,CS,,,,
Costa Rica,CRI,2014,5.59,CS,,,,
Costa Rica,CRI,2015,5.682,CS,,,,
Costa Rica,CRI,2016,5.494,CS,,,,
Costa Rica,CRI,2017,5.282,CS,,,,
Costa Rica,CRI,2018,5.379,CS,,,,
Costa Rica,CRI,2019,5.339,CS,,,,
Costa Rica,CRI,2020,5.931,CS,,240.0,,
Costa Rica,,2021,,,67.66,87355.0,,
Costa Rica,,2022,,,82.82,57857.0,,
Costa Rica,,2023,,,84.35,7965.0,,
Cote d'Ivoire,,2021,,,7.68,121105.0,,
Cote d'Ivoire,,2022,,,41.41,119128.0,,
Cote d'Ivoire,,2023,,,43.2,30255.0,,
Croatia,HRV,2003,5.189,HR,,,,
Croatia,HRV,2004,5.261,HR,,,,
Croatia,HRV,2005,5.878,HR,,,,
Croatia,HRV,2006,5.921,HR,,,,
Croatia,HRV,2007,6.404,HR,,,,
Croatia,HRV,2008,6.481,HR,,,,
Croatia,HRV,2009,6.838,HR,,,,
Croatia,HRV,2010,6.792,HR,,,,
Croatia,HRV,2011,5.921,HR,,,,
Croatia,HRV,2012,6.049,HR,,,,
Croatia,HRV,2013,5.408,HR,,,,
Croatia,HRV,2014,5.445,HR,,,,
Croatia,HRV,2015,5.5,HR,,,,
Croatia,HRV,2016,5.522,HR,,,,
Croatia,HRV,2017,5.471,HR,,,,
Croatia,HRV,2018,5.505,HR,,,,
Croatia,HRV,2019,5.559,HR,,,,
Croatia,HRV,2020,6.469,HR,,1105.0,,
Croatia,,2021,,,48.47,35538.0,,
Croatia,,2022,,,55.84,18595.0,,
Croatia,,2023,,,55.87,292.0,,
Cuba,,2021,,,86.27,321878.0,,
Cuba,,2022,,,89.22,183021.0,,
Cuba,,2023,,,89.47,38967.0,,
Cuba,,2024,,,89.67,1952.0,,
Curacao,,2021,,,50.54,3452.0,,
Curacao,,2022,,,52.29,1741.0,,
Curacao,,2023,,,52.77,24.0,,
Cyprus,CYP,2003,2.496,CY,,,,
Cyprus,CYP,2004,2.248,CY,,,,
Cyprus,CYP,2005,2.244,CY,,,,
Cyprus,CYP,2006,2.336,CY,,,,
Cyprus,CYP,2007,2.301,CY,,,,
Cyprus,CYP,2008,2.528,CY,,,,
Cyprus,CYP,2009,2.778,CY,,,,
Cyprus,CYP,2010,2.999,CY,,,,
Cyprus,CYP,2011,3.077,CY,,,,
Cyprus,CYP,2012,3.029,CY,,,,
Cyprus,CYP,2013,3.193,CY,,,,
Cyprus,CYP,2014,2.984,CY,,,,
Cyprus,CYP,2015,2.862,CY,,,,
Cyprus,CYP,2016,2.787,CY,,,,
Cyprus,CYP,2017,2.748,CY,,,,
Cyprus,CYP,2018,2.869,CY,,,,
Cyprus,CYP,2019,3.83,CY,,,,
Cyprus,CYP,2020,6.329,CY,,,,
Cyprus,,2021,,,67.84,12513.0,,
Cyprus,,2022,,,72.1,7036.0,,
Cyprus,,2023,,,72.11,17.0,,
Czechia,CZE,2000,5.091,EZ,,,,
Czechia,CZE,2001,5.214,EZ,,,,
Czechia,CZE,2002,5.532,EZ,,,,
Czechia,CZE,2003,5.812,EZ,,,,
Czechia,CZE,2004,5.623,EZ,,,,
Czechia,CZE,2005,5.502,EZ,,,,
Czechia,CZE,2006,5.321,EZ,,,,
Czechia,CZE,2007,5.073,EZ,,,,
Czechia,CZE,2008,5.204,EZ,,,,
Czechia,CZE,2009,6.05,EZ,,,,
Czechia,CZE,2010,6.376,EZ,,,,
Czechia,CZE,2011,6.344,EZ,,,,
Czechia,CZE,2012,6.406,EZ,,,,
Czechia,CZE,2013,6.316,EZ,,,,
Czechia,CZE,2014,6.357,EZ,,,,
Czechia,CZE,2015,6.178,EZ,,,,
Czechia,CZE,2016,6.213,EZ,,,,
Czechia,CZE,2017,6.146,EZ,,,,
Czechia,CZE,2018,6.266,EZ,,,,
Czechia,CZE,2019,6.355,EZ,,,,
Czechia,CZE,2020,7.915,EZ,0.0,3093.0,,
Czechia,,2021,,,63.48,98393.0,,
Czechia,,2022,,,65.69,75918.0,,
Czechia,,2023,,,65.71,7901.0,,
Czechia,,2024,,,65.71,830.0,,
Democratic Republic of Congo,,2021,,,0.12,7326.0,,
Democratic Republic of Congo,,2022,,,6.92,68808.0,,
Democratic Republic of Congo,,2023,,,14.54,99124.0,,
Democratic Republic of the Congo,,2024,,,,,1.0,0.0
Denmark,DNK,2000,6.74,DA,,,,
Denmark,DNK,2001,7.043,DA,,,,
Denmark,DNK,2002,7.287,DA,,,,
Denmark,DNK,2003,7.46,DA,,,,
Denmark,DNK,2004,7.507,DA,,,,
Denmark,DNK,2005,7.593,DA,,,,
Denmark,DNK,2006,7.676,DA,,,,
Denmark,DNK,2007,7.787,DA,,,,
Denmark,DNK,2008,7.955,DA,,,,
Denmark,DNK,2009,8.977,DA,,,,
Denmark,DNK,2010,8.912,DA,,,,
Denmark,DNK,2011,8.708,DA,,,,
Denmark,DNK,2012,8.871,DA,,,,
Denmark,DNK,2013,8.679,DA,,,,
Denmark,DNK,2014,8.692,DA,,,,
Denmark,DNK,2015,8.726,DA,,,,
Denmark,DNK,2016,8.641,DA,,,,
Denmark,DNK,2017,8.491,DA,,,,
Denmark,DNK,2018,8.494,DA,,,,
Denmark,DNK,2019,8.526,DA,,,,
Denmark,DNK,2020,9.018,DA,,619.0,,
Denmark,,2021,,,76.63,124721.0,,
Denmark,,2022,,,80.09,74171.0,,
Denmark,,2023,,,80.11,1021.0,,
Djibouti,,2021,,,2.33,802.0,,
Djibouti,,2022,,,26.5,2149.0,,
Djibouti,,2023,,,35.79,695.0,,
Dominica,,2021,,,37.96,901.0,,
Dominica,,2022,,,42.14,543.0,,
Dominican Republic,,2021,,,50.76,184208.0,,
Dominican Republic,,2022,,,54.07,42083.0,,
Dominican Republic,,2023,,,54.6,1601.0,,
Ebola haemorrhagic fever in Gabon (new outbreak) - Update 12,,2021,,,,,0.0,0.0
Ecuador,,2021,,,70.5,354692.0,,
Ecuador,,2022,,,78.97,110806.0,,
Ecuador,,2023,,,79.11,4735.0,,
Egypt,,2021,,,18.58,615408.0,,
Egypt,,2022,,,36.12,424464.0,,
Egypt,,2023,,,38.15,335527.0,,
El Salvador,,2021,,,65.6,72435.0,,
El Salvador,,2022,,,68.56,17092.0,,
England,,2021,,,70.41,831591.0,,
England,,2022,,,75.84,336517.0,,
England,,2023,,,75.95,117947.0,,
Equatorial Guinea,,2021,,,12.14,5013.0,,
Equatorial Guinea,,2022,,,12.78,565.0,,
Estonia,EST,2000,3.974,EN,,,,
Estonia,EST,2001,3.749,EN,,,,
Estonia,EST,2002,3.6,EN,,,,
Estonia,EST,2003,3.914,EN,,,,
Estonia,EST,2004,3.972,EN,,,,
Estonia,EST,2005,3.942,EN,,,,
Estonia,EST,2006,3.742,EN,,,,
Estonia,EST,2007,3.92,EN,,,,
Estonia,EST,2008,4.549,EN,,,,
Estonia,EST,2009,5.271,EN,,,,
Estonia,EST,2010,4.975,EN,,,,
Estonia,EST,2011,4.586,EN,,,,
Estonia,EST,2012,4.567,EN,,,,
Estonia,EST,2013,4.623,EN,,,,
Estonia,EST,2014,4.686,EN,,,,
Estonia,EST,2015,4.871,EN,,,,
Estonia,EST,2016,4.904,EN,,,,
Estonia,EST,2017,4.758,EN,,,,
Estonia,EST,2018,4.835,EN,,,,
Estonia,EST,2019,4.949,EN,,,,
Estonia,EST,2020,5.761,EN,0.01,571.0,,
Estonia,,2021,,,62.42,10161.0,,
Estonia,,2022,,,64.93,4696.0,,
Estonia,,2023,,,65.05,1151.0,,
Estonia,,2024,,,65.06,130.0,,
Eswatini,,2021,,,25.07,11049.0,,
Eswatini,,2022,,,28.47,4391.0,,
Eswatini,,2023,,,35.56,1349.0,,
Ethiopia,,2021,,,,474622.0,,
Ethiopia,,2022,,,29.75,2808915.0,,
Ethiopia,,2023,,,35.38,705473.0,,
Europe,,2020,,,0.0,158968.0,,
Europe,,2021,,,60.55,5945288.0,,
Europe,,2022,,,66.02,4128925.0,,
Europe,,2023,,,66.29,198891.0,,
Europe,,2024,,,66.29,8476.0,,
European Union,,2020,,,0.0,89234.0,,
European Union,,2021,,,68.3,4206856.0,,
European Union,,2022,,,72.73,3237276.0,,
European Union,,2023,,,72.86,133980.0,,
European Union,,2024,,,72.86,8476.0,,
Faeroe Islands,,2021,,,76.3,1001.0,,
Faeroe Islands,,2022,,,76.99,457.0,,
Falkland Islands,,2021,,,46.7,189.0,,
Fiji,,2021,,,65.13,14274.0,,
Fiji,,2022,,,68.89,17149.0,,
Fiji,,2023,,,68.96,158.0,,
Finland,FIN,2000,5.259,FI,,,,
Finland,FIN,2001,5.408,FI,,,,
Finland,FIN,2002,5.731,FI,,,,
Finland,FIN,2003,5.992,FI,,,,
Finland,FIN,2004,6.127,FI,,,,
Finland,FIN,2005,6.313,FI,,,,
Finland,FIN,2006,6.403,FI,,,,
Finland,FIN,2007,6.24,FI,,,,
Finland,FIN,2008,6.456,FI,,,,
Finland,FIN,2009,7.102,FI,,,,
Finland,FIN,2010,7.047,FI,,,,
Finland,FIN,2011,7.171,FI,,,,
Finland,FIN,2012,7.519,FI,,,,
Finland,FIN,2013,7.674,FI,,,,
Finland,FIN,2014,7.67,FI,,,,
Finland,FIN,2015,7.463,FI,,,,
Finland,FIN,2016,7.208,FI,,,,
Finland,FIN,2017,7.024,FI,,,,
Finland,FIN,2018,7.006,FI,,,,
Finland,FIN,2019,7.182,FI,,,,
Finland,FIN,2020,7.669,FI,,,,
Finland,,2021,,,73.73,49317.0,,
Finland,,2022,,,78.44,72110.0,,
Finland,,2023,,,78.46,3083.0,,
Finland,,2024,,,78.46,655.0,,
France,FRA,2000,7.586,FR,,,,
France,FRA,2001,7.7,FR,,,,
France,FRA,2002,7.983,FR,,,,
France,FRA,2003,7.984,FR,,,,
France,FRA,2004,8.045,FR,,,,
France,FRA,2005,8.055,FR,,,,
France,FRA,2006,8.03,FR,,,,
France,FRA,2007,7.96,FR,,,,
France,FRA,2008,8.042,FR,,,,
France,FRA,2009,8.639,FR,,,,
France,FRA,2010,8.464,FR,,,,
France,FRA,2011,8.406,FR,,,,
France,FRA,2012,8.542,FR,,,,
France,FRA,2013,8.662,FR,,,,
France,FRA,2014,8.762,FR,,,,
France,FRA,2015,8.714,FR,,,,
France,FRA,2016,9.5,FR,,,,
France,FRA,2017,9.434,FR,,,,
France,FRA,2018,9.341,FR,,,,
France,FRA,2019,9.256,FR,,,,
France,FRA,2020,10.221,FR,0.0,711.0,,
France,,2021,,,73.21,734590.0,,
France,,2022,,,78.38,652198.0,,
France,,2023,,,78.44,33920.0,,
French Polynesia,,2021,,,51.94,3216.0,,
French Polynesia,,2022,,,60.75,12050.0,,
French Polynesia,,2023,,,60.99,73.0,,
Gabon,,2021,,,7.25,7131.0,,
Gabon,,2022,,,10.77,3128.0,,
Gabon,,2023,,,10.78,0.0,,
Gambia,,2021,,,9.22,3615.0,,
Gambia,,2022,,,16.79,8164.0,,
Gambia,,2023,,,19.93,8164.0,,
Georgia,,2021,,,30.68,29680.0,,
Georgia,,2022,,,34.08,9121.0,,
Germany,DEU,2000,7.647,GM,,,,
Germany,DEU,2001,7.662,GM,,,,
Germany,DEU,2002,7.814,GM,,,,
Germany,DEU,2003,7.917,GM,,,,
Germany,DEU,2004,7.563,GM,,,,
Germany,DEU,2005,7.644,GM,,,,
Germany,DEU,2006,7.499,GM,,,,
Germany,DEU,2007,7.404,GM,,,,
Germany,DEU,2008,7.565,GM,,,,
Germany,DEU,2009,9.18,GM,,,,
Germany,DEU,2010,9.054,GM,,,,
Germany,DEU,2011,8.781,GM,,,,
Germany,DEU,2012,8.828,GM,,,,
Germany,DEU,2013,9.04,GM,,,,
Germany,DEU,2014,9.105,GM,,,,
Germany,DEU,2015,9.239,GM,,,,
Germany,DEU,2016,9.3,GM,,,,
Germany,DEU,2017,9.382,GM,,,,
Germany,DEU,2018,9.475,GM,,,,
Germany,DEU,2019,9.673,GM,,,,
Germany,DEU,2020,10.691,GM,,45625.0,,
Germany,,2021,,,70.96,1148328.0,,
Germany,,2022,,,76.23,651741.0,,
Germany,,2023,,,76.24,17763.0,,
Ghana,,2021,,,6.97,442283.0,,
Ghana,,2022,,,27.43,260621.0,,
Ghana,,2023,,,32.2,33067.0,,
Gibraltar,,2021,,,122.61,1068.0,,
Gibraltar,,2022,,,126.89,270.0,,
Greece,GRC,2000,4.631,GR,,,,
Greece,GRC,2001,5.212,GR,,,,
Greece,GRC,2002,5.121,GR,,,,
Greece,GRC,2003,5.198,GR,,,,
Greece,GRC,2004,4.866,GR,,,,
Greece,GRC,2005,5.33,GR,,,,
Greece,GRC,2006,5.173,GR,,,,
Greece,GRC,2007,5.398,GR,,,,
Greece,GRC,2008,5.846,GR,,,,
Greece,GRC,2009,6.515,GR,,,,
Greece,GRC,2010,6.628,GR,,,,
Greece,GRC,2011,6.035,GR,,,,
Greece,GRC,2012,5.978,GR,,,,
Greece,GRC,2013,5.29,GR,,,,
Greece,GRC,2014,4.572,GR,,,,
Greece,GRC,2015,4.83,GR,,,,
Greece,GRC,2016,5.188,GR,,,,
Greece,GRC,2017,4.913,GR,,,,
Greece,GRC,2018,4.78,GR,,,,
Greece,GRC,2019,4.993,GR,,,,
Greece,GRC,2020,5.8,GR,,638.0,,
Greece,,2021,,,67.8,109105.0,,
Greece,,2022,,,73.6,78769.0,,
Greece,,2023,,,73.63,4133.0,,
Greece,,2024,,,73.64,5717.0,,
Greenland,,2021,,,67.36,1128.0,,
Greenland,,2022,,,68.17,52.0,,
Grenada,,2021,,,28.26,579.0,,
Grenada,,2022,,,31.07,188.0,,
Grenada,,2023,,,31.11,1.0,,
Guatemala,,2021,,,26.27,96711.0,,
Guatemala,,2022,,,39.38,95485.0,,
Guatemala,,2023,,,39.94,6510.0,,
Guernsey,,2021,,,21.5,1747.0,,
Guernsey,,2022,,,83.23,1747.0,,
Guinea,,2021,,,6.68,41116.0,,
Guinea,,2022,,,23.77,172447.0,,
Guinea,,2023,,,42.24,54805.0,,
Guinea-Bissau,,2021,,,1.1,17553.0,,
Guinea-Bissau,,2022,,,17.16,9601.0,,
Guinea-Bissau,,2023,,,26.01,14996.0,,
Guyana,,2021,,,36.37,5226.0,,
Guyana,,2022,,,47.0,9303.0,,
Guyana,,2023,,,47.23,84.0,,
Haiti,,2021,,,0.64,5695.0,,
Haiti,,2022,,,2.05,7598.0,,
Haiti,,2023,,,3.16,1292.0,,
High income,,2020,,,0.0,622321.0,,
High income,,2021,,,68.87,8545044.0,,
High income,,2022,,,74.03,6621716.0,,
High income,,2023,,,74.31,746449.0,,
High income,,2024,,,74.31,23523.0,,
Honduras,,2021,,,41.18,156407.0,,
Honduras,,2022,,,55.19,174517.0,,
Honduras,,2023,,,56.11,2943.0,,
Hong Kong,,2021,,,62.25,65992.0,,
Hong Kong,,2022,,,90.64,86320.0,,
Hong Kong,,2023,,,90.83,17184.0,,
Hong Kong,,2024,,,90.85,2090.0,,
Hungary,HUN,2000,4.715,HU,,,,
Hungary,HUN,2001,4.649,HU,,,,
Hungary,HUN,2002,4.952,HU,,,,
Hungary,HUN,2003,5.735,HU,,,,
Hungary,HUN,2004,5.467,HU,,,,
Hungary,HUN,2005,5.65,HU,,,,
Hungary,HUN,2006,5.508,HU,,,,
Hungary,HUN,2007,4.963,HU,,,,
Hungary,HUN,2008,4.885,HU,,,,
Hungary,HUN,2009,4.943,HU,,,,
Hungary,HUN,2010,5.007,HU,,,,
Hungary,HUN,2011,4.983,HU,,,,
Hungary,HUN,2012,4.868,HU,,,,
Hungary,HUN,2013,4.821,HU,,,,
Hungary,HUN,2014,4.723,HU,,,,
Hungary,HUN,2015,4.67,HU,,,,
Hungary,HUN,2016,4.743,HU,,,,
Hungary,HUN,2017,4.639,HU,,,,
Hungary,HUN,2018,4.559,HU,,,,
Hungary,HUN,2019,4.29,HU,,,,
Hungary,HUN,2020,5.119,HU,,6202.0,,
Hungary,,2021,,,60.01,125911.0,,
Hungary,,2022,,,62.28,26357.0,,
Iceland,ISL,2000,7.189,IC,,,,
Iceland,ISL,2001,7.058,IC,,,,
Iceland,ISL,2002,7.653,IC,,,,
Iceland,ISL,2003,7.908,IC,,,,
Iceland,ISL,2004,7.551,IC,,,,
Iceland,ISL,2005,7.247,IC,,,,
Iceland,ISL,2006,6.981,IC,,,,
Iceland,ISL,2007,6.851,IC,,,,
Iceland,ISL,2008,6.86,IC,,,,
Iceland,ISL,2009,7.164,IC,,,,
Iceland,ISL,2010,6.678,IC,,,,
Iceland,ISL,2011,6.615,IC,,,,
Iceland,ISL,2012,6.588,IC,,,,
Iceland,ISL,2013,6.61,IC,,,,
Iceland,ISL,2014,6.685,IC,,,,
Iceland,ISL,2015,6.583,IC,,,,
Iceland,ISL,2016,6.658,IC,,,,
Iceland,ISL,2017,6.826,IC,,,,
Iceland,ISL,2018,6.962,IC,,,,
Iceland,ISL,2019,7.165,IC,,,,
Iceland,ISL,2020,8.052,IC,,63.0,,
Iceland,,2021,,,76.14,7546.0,,
Iceland,,2022,,,77.82,3589.0,,
India,IND,2000,0.939,IN,,,,
India,IND,2001,0.909,IN,,,,
India,IND,2002,0.877,IN,,,,
India,IND,2003,0.819,IN,,,,
India,IND,2004,0.801,IN,,,,
India,IND,2005,0.828,IN,,,,
India,IND,2006,0.805,IN,,,,
India,IND,2007,0.795,IN,,,,
India,IND,2008,0.836,IN,,,,
India,IND,2009,0.907,IN,,,,
India,IND,2010,0.862,IN,,,,
India,IND,2011,0.91,IN,,,,
India,IND,2012,0.903,IN,,,,
India,IND,2013,0.829,IN,,,,
India,IND,2014,0.829,IN,,,,
India,IND,2015,0.928,IN,,,,
India,IND,2016,0.947,IN,,,,
India,IND,2017,0.974,IN,,,,
India,IND,2018,0.984,IN,,,,
India,IND,2019,1.043,IN,,,,
India,IND,2020,1.224,IN,,,,
India,,2021,,,42.57,10037995.0,,
India,,2022,,,67.12,9358811.0,,
India,,2023,,,67.18,263275.0,,
India,,2024,,,67.18,6175.0,,
Indonesia,IDN,2000,0.585,ID,,,,
Indonesia,IDN,2001,0.782,ID,,,,
Indonesia,IDN,2002,0.673,ID,,,,
Indonesia,IDN,2003,0.813,ID,,,,
Indonesia,IDN,2004,0.748,ID,,,,
Indonesia,IDN,2005,0.734,ID,,,,
Indonesia,IDN,2006,0.834,ID,,,,
Indonesia,IDN,2007,1.028,ID,,,,
Indonesia,IDN,2008,0.917,ID,,,,
Indonesia,IDN,2009,0.949,ID,,,,
Indonesia,IDN,2010,0.679,ID,,,,
Indonesia,IDN,2011,0.717,ID,,,,
Indonesia,IDN,2012,0.781,ID,,,,
Indonesia,IDN,2013,0.836,ID,,,,
Indonesia,IDN,2014,1.043,ID,,,,
Indonesia,IDN,2015,1.159,ID,,,,
Indonesia,IDN,2016,1.377,ID,,,,
Indonesia,IDN,2017,1.356,ID,,,,
Indonesia,IDN,2018,1.396,ID,,,,
Indonesia,IDN,2019,1.401,ID,,,,
Indonesia,IDN,2020,1.884,ID,,,,
Indonesia,,2021,,,41.26,1897011.0,,
Indonesia,,2022,,,62.63,2125551.0,,
Indonesia,,2023,,,63.51,40329.0,,
Indonesia,,2024,,,,,1.0,0.0
Iran,,2021,,,57.81,1225502.0,,
Iran,,2022,,,66.08,604459.0,,
Iran,,2023,,,66.16,12066.0,,
Iraq,,2021,,,12.67,435337.0,,
Iraq,,2022,,,17.85,58760.0,,
Iraq,,2023,,,17.85,399.0,,
Ireland,IRL,2000,4.573,EI,,,,
Ireland,IRL,2001,5.014,EI,,,,
Ireland,IRL,2002,5.271,EI,,,,
Ireland,IRL,2003,5.519,EI,,,,
Ireland,IRL,2004,5.698,EI,,,,
Ireland,IRL,2005,6.027,EI,,,,
Ireland,IRL,2006,5.85,EI,,,,
Ireland,IRL,2007,6.186,EI,,,,
Ireland,IRL,2008,7.239,EI,,,,
Ireland,IRL,2009,8.11,EI,,,,
Ireland,IRL,2010,8.014,EI,,,,
Ireland,IRL,2011,7.57,EI,,,,
Ireland,IRL,2012,7.566,EI,,,,
Ireland,IRL,2013,7.128,EI,,,,
Ireland,IRL,2014,6.58,EI,,,,
Ireland,IRL,2015,5.082,EI,,,,
Ireland,IRL,2016,5.295,EI,,,,
Ireland,IRL,2017,5.02,EI,,,,
Ireland,IRL,2018,4.966,EI,,,,
Ireland,IRL,2019,4.886,EI,,,,
Ireland,IRL,2020,5.412,EI,,,,
Ireland,,2021,,,77.33,91840.0,,
Ireland,,2022,,,80.88,32351.0,,
Ireland,,2023,,,80.93,440.0,,
Ireland,,2024,,,80.94,64.0,,
Isle of Man,,2021,,,77.43,6039.0,,
Isle of Man,,2022,,,79.38,543.0,,
Israel,ISR,2000,4.161,IS,,,,
Israel,ISR,2001,4.387,IS,,,,
Israel,ISR,2002,4.422,IS,,,,
Israel,ISR,2003,4.282,IS,,,,
Israel,ISR,2004,4.199,IS,,,,
Israel,ISR,2005,4.125,IS,,,,
Israel,ISR,2006,4.176,IS,,,,
Israel,ISR,2007,4.043,IS,,,,
Israel,ISR,2008,4.171,IS,,,,
Israel,ISR,2009,4.205,IS,,,,
Israel,ISR,2010,4.302,IS,,,,
Israel,ISR,2011,4.26,IS,,,,
Israel,ISR,2012,4.346,IS,,,,
Israel,ISR,2013,4.402,IS,,,,
Israel,ISR,2014,4.438,IS,,,,
Israel,ISR,2015,4.452,IS,,,,
Israel,ISR,2016,4.495,IS,,,,
Israel,ISR,2017,4.582,IS,,,,
Israel,ISR,2018,4.679,IS,,,,
Israel,ISR,2019,4.671,IS,,,,
Israel,ISR,2020,5.26,IS,0.0,111272.0,,
Israel,,2021,,,62.89,185557.0,,
Israel,,2022,,,65.18,77274.0,,
Israel,,2023,,,65.19,1655.0,,
Italy,ITA,2000,5.482,IT,,,,
Italy,ITA,2001,5.754,IT,,,,
Italy,ITA,2002,5.874,IT,,,,
Italy,ITA,2003,5.881,IT,,,,
Italy,ITA,2004,6.204,IT,,,,
Italy,ITA,2005,6.439,IT,,,,
Italy,ITA,2006,6.529,IT,,,,
Italy,ITA,2007,6.278,IT,,,,
Italy,ITA,2008,6.604,IT,,,,
Italy,ITA,2009,6.979,IT,,,,
Italy,ITA,2010,6.966,IT,,,,
Italy,ITA,2011,6.722,IT,,,,
Italy,ITA,2012,6.63,IT,,,,
Italy,ITA,2013,6.608,IT,,,,
Italy,ITA,2014,6.639,IT,,,,
Italy,ITA,2015,6.547,IT,,,,
Italy,ITA,2016,6.448,IT,,,,
Italy,ITA,2017,6.372,IT,,,,
Italy,ITA,2018,6.349,IT,,,,
Italy,ITA,2019,6.31,IT,,,,
Italy,ITA,2020,7.252,IT,,8369.0,,
Italy,,2021,,,75.73,593377.0,,
Italy,,2022,,,81.2,665295.0,,
Italy,,2023,,,81.21,17821.0,,
Jamaica,,2021,,,20.05,13772.0,,
Jamaica,,2022,,,26.3,4686.0,,
Jamaica,,2023,,,26.88,248.0,,
Japan,JPN,2000,5.658,JA,,,,
Japan,JPN,2001,5.861,JA,,,,
Japan,JPN,2002,5.937,JA,,,,
Japan,JPN,2003,5.987,JA,,,,
Japan,JPN,2004,6.049,JA,,,,
Japan,JPN,2005,6.216,JA,,,,
Japan,JPN,2006,6.174,JA,,,,
Japan,JPN,2007,6.321,JA,,,,
Japan,JPN,2008,6.566,JA,,,,
Japan,JPN,2009,7.283,JA,,,,
Japan,JPN,2010,7.425,JA,,,,
Japan,JPN,2011,8.783,JA,,,,
Japan,JPN,2012,8.957,JA,,,,
Japan,JPN,2013,8.994,JA,,,,
Japan,JPN,2014,9.025,JA,,,,
Japan,JPN,2015,9.039,JA,,,,
Japan,JPN,2016,8.957,JA,,,,
Japan,JPN,2017,8.974,JA,,,,
Japan,JPN,2018,8.997,JA,,,,
Japan,JPN,2019,9.211,JA,,,,
Japan,JPN,2020,9.778,JA,,,,
Japan,,2021,,,80.44,1692319.0,,
Japan,,2022,,,83.22,1011639.0,,
Japan,,2023,,,83.4,328770.0,,
Jersey,,2021,,,69.49,1233.0,,
Jersey,,2022,,,73.86,669.0,,
Jersey,,2023,,,73.9,31.0,,
Jordan,,2021,,,34.86,87729.0,,
Jordan,,2022,,,40.39,35491.0,,
Kazakhstan,,2021,,,43.9,142997.0,,
Kazakhstan,,2022,,,54.72,351158.0,,
Kazakhstan,,2023,,,54.79,41222.0,,
Kenya,,2021,,,7.69,123343.0,,
Kenya,,2022,,,20.05,245551.0,,
Kenya,,2023,,,20.53,9312.0,,
Kiribati,,2021,,,17.28,1494.0,,
Kiribati,,2022,,,56.3,1018.0,,
Kiribati,,2023,,,62.08,342.0,,
Kosovo,,2021,,,43.92,19287.0,,
Kosovo,,2022,,,46.29,4536.0,,
Kosovo,,2023,,,46.3,12.0,,
Kuwait,,2020,,,,1121.0,,
Kuwait,,2021,,,75.35,40778.0,,
Kuwait,,2022,,,78.32,15791.0,,
Kuwait,,2023,,,78.39,78.0,,
Kyrgyzstan,,2021,,,14.95,22900.0,,
Kyrgyzstan,,2022,,,20.53,10460.0,,
Kyrgyzstan,,2023,,,21.2,2745.0,,
Laos,,2021,,,41.16,146235.0,,
Laos,,2022,,,69.36,48048.0,,
Latvia,LVA,2000,2.828,LG,,,,
Latvia,LVA,2001,2.871,LG,,,,
Latvia,LVA,2002,2.952,LG,,,,
Latvia,LVA,2003,2.858,LG,,,,
Latvia,LVA,2004,3.637,LG,,,,
Latvia,LVA,2005,3.387,LG,,,,
Latvia,LVA,2006,3.705,LG,,,,
Latvia,LVA,2007,3.542,LG,,,,
Latvia,LVA,2008,3.539,LG,,,,
Latvia,LVA,2009,3.739,LG,,,,
Latvia,LVA,2010,3.746,LG,,,,
Latvia,LVA,2011,3.758,LG,,,,
Latvia,LVA,2012,3.392,LG,,,,
Latvia,LVA,2013,3.363,LG,,,,
Latvia,LVA,2014,3.38,LG,,,,
Latvia,LVA,2015,3.431,LG,,,,
Latvia,LVA,2016,3.549,LG,,,,
Latvia,LVA,2017,3.547,LG,,,,
Latvia,LVA,2018,3.837,LG,,,,
Latvia,LVA,2019,4.126,LG,,,,
Latvia,LVA,2020,4.774,LG,0.0,329.0,,
Latvia,,2021,,,68.22,17033.0,,
Latvia,,2022,,,70.57,10487.0,,
Lebanon,,2021,,,33.36,56153.0,,
Lebanon,,2022,,,43.98,42600.0,,
Lesotho,,2021,,,31.55,17261.0,,
Lesotho,,2022,,,40.16,9788.0,,
Lesotho,,2023,,,40.68,893.0,,
Liberia,,2021,,,14.24,39207.0,,
Liberia,,2022,,,70.36,89696.0,,
Libya,,2021,,,12.12,23862.0,,
Libya,,2022,,,18.05,19020.0,,
Libya,,2023,,,18.15,218.0,,
Liechtenstein,,2020,,,,0.0,,
Liechtenstein,,2021,,,,726.0,,
Liechtenstein,,2022,,,,340.0,,
Liechtenstein,,2023,,,,5.0,,
Lithuania,LTU,2000,4.238,LH,,,,
Lithuania,LTU,2001,4.295,LH,,,,
Lithuania,LTU,2002,4.536,LH,,,,
Lithuania,LTU,2003,4.656,LH,,,,
Lithuania,LTU,2004,3.649,LH,,,,
Lithuania,LTU,2005,3.767,LH,,,,
Lithuania,LTU,2006,3.96,LH,,,,
Lithuania,LTU,2007,4.095,LH,,,,
Lithuania,LTU,2008,4.481,LH,,,,
Lithuania,LTU,2009,5.322,LH,,,,
Lithuania,LTU,2010,4.952,LH,,,,
Lithuania,LTU,2011,4.643,LH,,,,
Lithuania,LTU,2012,4.247,LH,,,,
Lithuania,LTU,2013,4.078,LH,,,,
Lithuania,LTU,2014,4.204,LH,,,,
Lithuania,LTU,2015,4.347,LH,,,,
Lithuania,LTU,2016,4.428,LH,,,,
Lithuania,LTU,2017,4.275,LH,,,,
Lithuania,LTU,2018,4.346,LH,,,,
Lithuania,LTU,2019,4.61,LH,,,,
Lithuania,LTU,2020,5.204,LH,,2888.0,,
Lithuania,,2021,,,66.62,27613.0,,
Lithuania,,2022,,,68.36,16084.0,,
Lithuania,,2023,,,68.4,1307.0,,
Lithuania,,2024,,,68.4,74.0,,
Low income,,2021,,,3.76,993536.0,,
Low income,,2022,,,21.44,3330163.0,,
Low income,,2023,,,27.79,1050109.0,,
Lower middle income,,2021,,,34.53,17055076.0,,
Lower middle income,,2022,,,57.62,16611035.0,,
Lower middle income,,2023,,,59.82,2463250.0,,
Lower middle income,,2024,,,59.82,6983.0,,
Luxembourg,LUX,2000,4.857,,,,,
Luxembourg,LUX,2001,5.28,,,,,
Luxembourg,LUX,2002,5.614,,,,,
Luxembourg,LUX,2003,5.77,,,,,
Luxembourg,LUX,2004,6.067,,,,,
Luxembourg,LUX,2005,5.927,,,,,
Luxembourg,LUX,2006,5.495,,,,,
Luxembourg,LUX,2007,5.184,,,,,
Luxembourg,LUX,2008,5.441,,,,,
Luxembourg,LUX,2009,5.959,,,,,
Luxembourg,LUX,2010,5.657,,,,,
Luxembourg,LUX,2011,4.95,,,,,
Luxembourg,LUX,2012,4.386,,,,,
Luxembourg,LUX,2013,4.35,,,,,
Luxembourg,LUX,2014,4.366,,,,,
Luxembourg,LUX,2015,4.251,,,,,
Luxembourg,LUX,2016,4.24,,,,,
Luxembourg,LUX,2017,4.311,,,,,
Luxembourg,LUX,2018,4.434,,,,,
Luxembourg,LUX,2019,4.644,,,,,
Luxembourg,LUX,2020,4.988,,,400.0,,
Luxembourg,,2021,,,5.85,7216.0,,
Luxembourg,,2022,,,,6773.0,,
Luxembourg,,2023,,,71.45,105.0,,
Macao,,2021,,,66.4,6788.0,,
Macao,,2022,,,91.87,6118.0,,
Macao,,2023,,,92.39,1594.0,,
Madagascar,,2021,,,1.83,10256.0,,
Madagascar,,2022,,,6.84,12101.0,,
Madagascar,,2023,,,8.88,6191.0,,
Malaria in Burundi,,2021,,,,,0.0,0.0
Malawi,,2021,,,3.46,21351.0,,
Malawi,,2022,,,15.16,74568.0,,
Malawi,,2023,,,21.01,33091.0,,
Malaysia,,2021,,,75.62,550642.0,,
Malaysia,,2022,,,81.14,228855.0,,
Malaysia,,2023,,,81.18,8902.0,,
Malaysia,,2024,,,81.18,196.0,,
Maldives,,2021,,,70.15,7843.0,,
Maldives,,2022,,,73.52,3122.0,,
Maldives,,2023,,,73.53,4.0,,
Mali,,2021,,,1.74,31306.0,,
Mali,,2022,,,11.83,58966.0,,
Mali,,2023,,,16.08,21566.0,,
Malta,MLT,2016,5.651,,,,,
Malta,MLT,2017,5.491,,,,,
Malta,MLT,2018,5.428,,,,,
Malta,MLT,2019,5.719,,,,,
Malta,MLT,2020,7.163,,,,,
Malta,,2021,,,81.73,7557.0,,
Malta,,2022,,,88.38,8191.0,,
Malta,,2023,,,88.42,827.0,,
Malta,,2024,,,88.43,61.0,,
Mauritania,,2021,,,16.2,65422.0,,
Mauritania,,2022,,,32.46,71816.0,,
Mauritania,,2023,,,32.53,294.0,,
Mauritius,,2021,,,70.02,20570.0,,
Mauritius,,2022,,,83.74,6463.0,,
Mauritius,,2023,,,83.74,23.0,,
"Meningococcal disease in Francen(Update), United Kingdom (Update), Oman, Saudi ARabia, Netherlands",,2021,,,,,0.0,0.0
Meningococcal disease in the African Meningitis Belt,,2021,,,,,0.0,0.0
"Meningococcal disease, serogroup W135 - Update",,2021,,,,,0.0,0.0
Mexico,MEX,2000,1.919,MX,,,,
Mexico,MEX,2001,2.005,MX,,,,
Mexico,MEX,2002,2.062,MX,,,,
Mexico,MEX,2003,2.3,MX,,,,
Mexico,MEX,2004,2.47,MX,,,,
Mexico,MEX,2005,2.357,MX,,,,
Mexico,MEX,2006,2.315,MX,,,,
Mexico,MEX,2007,2.413,MX,,,,
Mexico,MEX,2008,2.5,MX,,,,
Mexico,MEX,2009,2.729,MX,,,,
Mexico,MEX,2010,2.757,MX,,,,
Mexico,MEX,2011,2.799,MX,,,,
Mexico,MEX,2012,2.878,MX,,,,
Mexico,MEX,2013,2.998,MX,,,,
Mexico,MEX,2014,2.788,MX,,,,
Mexico,MEX,2015,2.885,MX,,,,
Mexico,MEX,2016,2.761,MX,,,,
Mexico,MEX,2017,2.684,MX,,,,
Mexico,MEX,2018,2.6,MX,,,,
Mexico,MEX,2019,2.607,MX,,,,
Mexico,MEX,2020,3.202,MX,,3695.0,,
Mexico,,2021,,,57.08,1648223.0,,
Mexico,,2022,,,64.19,995625.0,,
Moldova,,2021,,,30.01,16176.0,,
Moldova,,2022,,,32.81,6802.0,,
Moldova,,2023,,,32.97,240.0,,
Monaco,,2020,,,,126.0,,
Monaco,,2021,,,70.34,313.0,,
Mongolia,,2021,,,63.66,125462.0,,
Mongolia,,2022,,,64.02,5276.0,,
Montenegro,,2021,,,43.51,11277.0,,
Montenegro,,2022,,,45.43,1508.0,,
Montserrat,,2021,,,33.36,53.0,,
Montserrat,,2022,,,44.23,51.0,,
Morocco,,2021,,,61.39,401310.0,,
Morocco,,2022,,,62.78,76902.0,,
Morocco,,2023,,,62.8,504.0,,
Mozambique,,2021,,,18.46,257780.0,,
Mozambique,,2022,,,55.96,588728.0,,
Mozambique,,2023,,,64.7,98058.0,,
Myanmar,,2021,,,24.05,366806.0,,
Myanmar,,2022,,,50.84,288235.0,,
Myanmar,,2023,,,66.33,78317.0,,
Namibia,,2021,,,11.05,6202.0,,
Namibia,,2022,,,20.49,16348.0,,
Namibia,,2023,,,21.46,267.0,,
Nauru,,2021,,,57.13,560.0,,
Nauru,,2022,,,67.65,293.0,,
Nauru,,2023,,,89.4,55.0,,
Nepal,,2021,,,31.88,226872.0,,
Nepal,,2022,,,78.75,567406.0,,
Nepal,,2023,,,80.11,27556.0,1.0,0.0
Netherlands,NLD,2000,5.319,NL,,,,
Netherlands,NLD,2001,5.6,NL,,,,
Netherlands,NLD,2002,6.031,NL,,,,
Netherlands,NLD,2003,6.329,NL,,,,
Netherlands,NLD,2004,6.223,NL,,,,
Netherlands,NLD,2005,6.199,NL,,,,
Netherlands,NLD,2006,7.567,NL,,,,
Netherlands,NLD,2007,7.567,NL,,,,
Netherlands,NLD,2008,7.621,NL,,,,
Netherlands,NLD,2009,8.242,NL,,,,
Netherlands,NLD,2010,8.417,NL,,,,
Netherlands,NLD,2011,8.386,NL,,,,
Netherlands,NLD,2012,8.585,NL,,,,
Netherlands,NLD,2013,8.522,NL,,,,
Netherlands,NLD,2014,8.479,NL,,,,
Netherlands,NLD,2015,8.291,NL,,,,
Netherlands,NLD,2016,8.22,NL,,,,
Netherlands,NLD,2017,8.117,NL,,,,
Netherlands,NLD,2018,8.088,NL,,,,
Netherlands,NLD,2019,8.227,NL,,,,
Netherlands,NLD,2020,9.304,NL,,,,
Netherlands,,2021,,,65.97,229840.0,,
Netherlands,,2022,,,66.98,267180.0,,
Netherlands,,2023,,,67.0,7160.0,,
New Caledonia,,2021,,,59.74,5037.0,,
New Caledonia,,2022,,,63.5,12978.0,,
New Caledonia,,2023,,,63.74,508.0,,
New Zealand,NZL,2000,5.828,NZ,,,,
New Zealand,NZL,2001,5.792,NZ,,,,
New Zealand,NZL,2002,6.154,NZ,,,,
New Zealand,NZL,2003,6.049,NZ,,,,
New Zealand,NZL,2004,6.292,NZ,,,,
New Zealand,NZL,2005,6.592,NZ,,,,
New Zealand,NZL,2006,6.917,NZ,,,,
New Zealand,NZL,2007,6.863,NZ,,,,
New Zealand,NZL,2008,7.036,NZ,,,,
New Zealand,NZL,2009,7.426,NZ,,,,
New Zealand,NZL,2010,7.383,NZ,,,,
New Zealand,NZL,2011,7.374,NZ,,,,
New Zealand,NZL,2012,7.426,NZ,,,,
New Zealand,NZL,2013,7.186,NZ,,,,
New Zealand,NZL,2014,7.118,NZ,,,,
New Zealand,NZL,2015,6.971,NZ,,,,
New Zealand,NZL,2016,6.787,NZ,,,,
New Zealand,NZL,2017,6.681,NZ,,,,
New Zealand,NZL,2018,6.626,NZ,,,,
New Zealand,NZL,2019,6.677,NZ,,,,
New Zealand,NZL,2020,7.249,NZ,,,,
New Zealand,,2021,,,74.37,81486.0,,
New Zealand,,2022,,,79.81,59903.0,,
New Zealand,,2023,,,82.77,13231.0,,
New Zealand,,2024,,,,4474.0,,
Nicaragua,,2021,,,41.82,311302.0,,
Nicaragua,,2022,,,85.36,38528.0,,
Nicaragua,,2023,,,88.17,425219.0,,
Niger,,2021,,,1.77,25351.0,,
Niger,,2022,,,20.25,178386.0,,
Niger,,2023,,,20.92,2318.0,,
Nigeria,,2021,,,2.05,183486.0,,
Nigeria,,2022,,,27.39,491996.0,,
Nigeria,,2023,,,37.2,205727.0,,
Niue,,2021,,,58.91,87.0,,
Niue,,2022,,,83.71,67.0,,
Niue,,2023,,,83.76,0.0,,
North America,,2020,,,0.01,419343.0,,
North America,,2021,,,58.76,4205266.0,,
North America,,2022,,,65.41,2487718.0,,
North America,,2023,,,65.71,506912.0,,
North America,,2024,,,65.71,16192.0,,
North Macedonia,,2021,,,39.01,15628.0,,
North Macedonia,,2022,,,40.03,1666.0,,
North Macedonia,,2023,,,40.04,5.0,,
Northern Cyprus,,2021,,,72.09,6011.0,,
Northern Cyprus,,2022,,,81.78,655.0,,
Northern Ireland,,2021,,,68.38,23766.0,,
Northern Ireland,,2022,,,71.72,11733.0,,
Northern Ireland,,2023,,,71.78,4130.0,,
Norway,NOR,2000,6.292,NO,,,,
Norway,NOR,2001,6.632,NO,,,,
Norway,NOR,2002,7.445,NO,,,,
Norway,NOR,2003,7.646,NO,,,,
Norway,NOR,2004,7.302,NO,,,,
Norway,NOR,2005,6.892,NO,,,,
Norway,NOR,2006,6.569,NO,,,,
Norway,NOR,2007,6.71,NO,,,,
Norway,NOR,2008,6.659,NO,,,,
Norway,NOR,2009,7.627,NO,,,,
Norway,NOR,2010,7.501,NO,,,,
Norway,NOR,2011,7.374,NO,,,,
Norway,NOR,2012,7.392,NO,,,,
Norway,NOR,2013,7.545,NO,,,,
Norway,NOR,2014,7.917,NO,,,,
Norway,NOR,2015,8.611,NO,,,,
Norway,NOR,2016,8.991,NO,,,,
Norway,NOR,2017,8.708,NO,,,,
Norway,NOR,2018,8.536,NO,,,,
Norway,NOR,2019,8.947,NO,,,,
Norway,NOR,2020,9.821,NO,,330.0,,
Norway,,2021,,,72.31,69148.0,,
Norway,,2022,,,74.61,55405.0,,
Oceania,,2021,,,55.75,386459.0,,
Oceania,,2022,,,61.86,340740.0,,
Oceania,,2023,,,62.33,39960.0,,
Oceania,,2024,,,62.33,4474.0,,
Oman,,2020,,,,1663.0,,
Oman,,2021,,,63.42,61172.0,,
Oman,,2022,,,66.62,16068.0,,
Pakistan,,2021,,,29.93,1394785.0,,
Pakistan,,2022,,,55.71,2175773.0,1.0,0.0
Pakistan,,2023,,,59.57,809953.0,,
Palestine,,2021,,,28.87,41850.0,,
Palestine,,2022,,,33.85,6173.0,,
Panama,,2021,,,63.61,71750.0,,
Panama,,2022,,,71.75,43201.0,,
Panama,,2023,,,72.0,3815.0,,
Papua New Guinea,,2021,,,2.17,5196.0,,
Papua New Guinea,,2022,,,3.0,1866.0,,
Papua New Guinea,,2023,,,3.17,589.0,,
Paraguay,,2021,,,43.48,90584.0,,
Paraguay,,2022,,,52.06,30476.0,,
Paraguay,,2023,,,52.31,4694.0,,
Peru,PER,2002,2.537,PE,,,,
Peru,PER,2003,2.404,PE,,,,
Peru,PER,2004,2.354,PE,,,,
Peru,PER,2005,2.62,PE,,,,
Peru,PER,2006,2.228,PE,,,,
Peru,PER,2007,2.155,PE,,,,
Peru,PER,2008,2.179,PE,,,,
Peru,PER,2009,2.548,PE,,,,
Peru,PER,2010,2.454,PE,,,,
Peru,PER,2011,2.314,PE,,,,
Peru,PER,2012,2.49,PE,,,,
Peru,PER,2013,2.652,PE,,,,
Peru,PER,2014,2.942,PE,,,,
Peru,PER,2015,3.004,PE,,,,
Peru,PER,2016,3.041,PE,,,1.0,0.0
Peru,PER,2017,3.018,PE,,,,
Peru,PER,2018,3.154,PE,,,,
Peru,PER,2019,3.243,PE,,,,
Peru,PER,2020,4.349,PE,,,,
Peru,,2021,,,64.86,390093.0,,
Peru,,2022,,,83.54,296933.0,,
Peru,,2023,,,84.32,33298.0,,
Philippines,,2021,,,42.94,1629125.0,,
Philippines,,2022,,,63.97,797265.0,,
Philippines,,2023,,,67.88,1862695.0,,
Pitcairn,,2021,,,100.0,1.0,,
Pitcairn,,2022,,,100.0,0.0,,
Plague in Malawi,,2021,,,,,0.0,0.0
Poland,POL,2000,3.627,PL,,,,
Poland,POL,2001,4.006,PL,,,,
Poland,POL,2002,4.26,PL,,,,
Poland,POL,2003,4.104,PL,,,,
Poland,POL,2004,3.957,PL,,,,
Poland,POL,2005,3.977,PL,,,,
Poland,POL,2006,4.003,PL,,,,
Poland,POL,2007,4.109,PL,,,,
Poland,POL,2008,4.552,PL,,,,
Poland,POL,2009,4.708,PL,,,,
Poland,POL,2010,4.613,PL,,,,
Poland,POL,2011,4.426,PL,,,,
Poland,POL,2012,4.363,PL,,,,
Poland,POL,2013,4.557,PL,,,,
Poland,POL,2014,4.44,PL,,,,
Poland,POL,2015,4.439,PL,,,,
Poland,POL,2016,4.524,PL,,,,
Poland,POL,2017,4.529,PL,,,,
Poland,POL,2018,4.469,PL,,,,
Poland,POL,2019,4.586,PL,,,,
Poland,POL,2020,4.645,PL,,17150.0,,
Poland,,2021,,,52.8,341329.0,,
Poland,,2022,,,56.76,194305.0,,
Poland,,2023,,,56.83,4813.0,,
Portugal,PRT,2000,6.002,PO,,,,
Portugal,PRT,2001,6.058,PO,,,,
Portugal,PRT,2002,6.329,PO,,,,
Portugal,PRT,2003,6.446,PO,,,,
Portugal,PRT,2004,6.73,PO,,,,
Portugal,PRT,2005,6.848,PO,,,,
Portugal,PRT,2006,5.938,PO,,,,
Portugal,PRT,2007,5.806,PO,,,,
Portugal,PRT,2008,5.994,PO,,,,
Portugal,PRT,2009,6.469,PO,,,,
Portugal,PRT,2010,6.669,PO,,,,
Portugal,PRT,2011,6.274,PO,,,,
Portugal,PRT,2012,5.913,PO,,,,
Portugal,PRT,2013,5.857,PO,,,,
Portugal,PRT,2014,5.769,PO,,,,
Portugal,PRT,2015,5.761,PO,,,,
Portugal,PRT,2016,5.796,PO,,,,
Portugal,PRT,2017,5.711,PO,,,,
Portugal,PRT,2018,5.768,PO,,,,
Portugal,PRT,2019,5.786,PO,,,,
Portugal,PRT,2020,6.765,PO,,,,
Portugal,,2021,,,83.15,152591.0,,
Portugal,,2022,,,86.7,91262.0,,
Portugal,,2023,,,86.75,9485.0,,
Qatar,,2020,,,,1351.0,,
Qatar,,2021,,,82.31,37344.0,,
Qatar,,2022,,,105.75,28774.0,,
Qatar,,2023,,,105.83,157.0,,
Republic of Korea,,2015,,,,,1.0,0.0
Romania,ROU,2003,4.537,RO,,,,
Romania,ROU,2004,4.075,RO,,,,
Romania,ROU,2005,4.444,RO,,,,
Romania,ROU,2006,4.029,RO,,,,
Romania,ROU,2007,4.107,RO,,,,
Romania,ROU,2008,4.09,RO,,,,
Romania,ROU,2009,4.155,RO,,,,
Romania,ROU,2010,4.507,RO,,,,
Romania,ROU,2011,3.368,RO,,,,
Romania,ROU,2012,3.469,RO,,,,
Romania,ROU,2013,4.145,RO,,,,
Romania,ROU,2014,3.972,RO,,,,
Romania,ROU,2015,3.857,RO,,,,
Romania,ROU,2016,3.979,RO,,,,
Romania,ROU,2017,4.081,RO,,,,
Romania,ROU,2018,4.397,RO,,,,
Romania,ROU,2019,4.585,RO,,,,
Romania,ROU,2020,4.984,RO,,2331.0,,
Romania,,2021,,,39.76,131697.0,,
Romania,,2022,,,41.28,29841.0,,
Romania,,2023,,,,,,
Russia,,2020,,,,68000.0,,
Russia,,2021,,,46.14,1020075.0,,
Russia,,2022,,,54.54,537979.0,,
Russia,,2023,,,55.08,106949.0,,
Rwanda,,2021,,,39.45,139418.0,,
Rwanda,,2022,,,67.32,370105.0,,
Rwanda,,2023,,,75.49,7894.0,,
Saint Helena,,2021,,,65.38,165.0,,
Saint Kitts and Nevis,,2021,,,53.73,894.0,,
Saint Kitts and Nevis,,2022,,,56.63,254.0,,
Saint Lucia,,2021,,,27.42,1912.0,,
Saint Lucia,,2022,,,30.56,978.0,,
Saint Vincent and the Grenadines,,2021,,,25.24,889.0,,
Saint Vincent and the Grenadines,,2022,,,30.25,227.0,,
Saint Vincent and the Grenadines,,2023,,,30.43,9.0,,
Samoa,,2021,,,54.75,3269.0,,
Samoa,,2022,,,79.88,4590.0,,
Samoa,,2023,,,80.02,248.0,,
San Marino,,2021,,,64.19,725.0,,
San Marino,,2022,,,70.15,342.0,,
Sao Tome and Principe,,2021,,,22.52,2448.0,,
Sao Tome and Principe,,2022,,,45.72,1275.0,,
Sao Tome and Principe,,2023,,,49.25,352.0,,
Saudi Arabia,,2021,,,63.67,402957.0,,
Saudi Arabia,,2022,,,66.47,260084.0,1.0,0.0
Saudi Arabia,,2023,,,69.86,18006.0,,
Scotland,,2021,,,73.49,71226.0,,
Scotland,,2022,,,78.41,23820.0,,
Senegal,,2014,,,,,0.0,0.0
Senegal,,2021,,,5.3,41586.0,,
Senegal,,2022,,,7.83,7495.0,,
Senegal,,2023,,,8.93,3602.0,,
Serbia,,2021,,,46.68,64449.0,,
Serbia,,2022,,,47.71,11564.0,,
Seychelles,,2021,,,73.05,2401.0,,
Seychelles,,2022,,,76.22,347.0,,
Seychelles,,2023,,,78.0,82.0,,
Sierra Leone,,2021,,,4.2,20002.0,,
Sierra Leone,,2022,,,40.03,60860.0,,
Sierra Leone,,2023,,,57.66,31530.0,,
Singapore,,2020,,,0.0,52.0,,
Singapore,,2021,,,83.1,75745.0,,
Singapore,,2022,,,90.74,49707.0,,
Singapore,,2023,,,90.85,,,
Sint Maarten (Dutch part),,2021,,,56.94,424.0,,
Sint Maarten (Dutch part),,2022,,,60.32,892.0,,
Sint Maarten (Dutch part),,2023,,,60.58,9.0,,
Situation in Toronto,,2021,,,,,0.0,0.0
Slovakia,SVK,2000,4.732,LO,,,,
Slovakia,SVK,2001,4.758,LO,,,,
Slovakia,SVK,2002,4.91,LO,,,,
Slovakia,SVK,2003,4.814,LO,,,,
Slovakia,SVK,2004,5.038,LO,,,,
Slovakia,SVK,2005,4.981,LO,,,,
Slovakia,SVK,2006,4.795,LO,,,,
Slovakia,SVK,2007,4.973,LO,,,,
Slovakia,SVK,2008,5.245,LO,,,,
Slovakia,SVK,2009,5.844,LO,,,,
Slovakia,SVK,2010,5.516,LO,,,,
Slovakia,SVK,2011,5.397,LO,,,,
Slovakia,SVK,2012,5.433,LO,,,,
Slovakia,SVK,2013,5.551,LO,,,,
Slovakia,SVK,2014,5.508,LO,,,,
Slovakia,SVK,2015,5.374,LO,,,,
Slovakia,SVK,2016,5.579,LO,,,,
Slovakia,SVK,2017,5.383,LO,,,,
Slovakia,SVK,2018,5.318,LO,,,,
Slovakia,SVK,2019,5.515,LO,,,,
Slovakia,SVK,2020,5.667,LO,,,,
Slovakia,,2021,,,43.44,35902.0,,
Slovakia,,2022,,,45.68,24678.0,,
Slovenia,SVN,2000,5.726,SI,,,,
Slovenia,SVN,2001,5.685,SI,,,,
Slovenia,SVN,2002,5.955,SI,,,,
Slovenia,SVN,2003,5.953,SI,,,,
Slovenia,SVN,2004,5.874,SI,,,,
Slovenia,SVN,2005,5.918,SI,,,,
Slovenia,SVN,2006,5.753,SI,,,,
Slovenia,SVN,2007,5.393,SI,,,,
Slovenia,SVN,2008,5.806,SI,,,,
Slovenia,SVN,2009,6.315,SI,,,,
Slovenia,SVN,2010,6.343,SI,,,,
Slovenia,SVN,2011,6.315,SI,,,,
Slovenia,SVN,2012,6.327,SI,,,,
Slovenia,SVN,2013,6.31,SI,,,,
Slovenia,SVN,2014,6.105,SI,,,,
Slovenia,SVN,2015,6.173,SI,,,,
Slovenia,SVN,2016,6.232,SI,,,,
Slovenia,SVN,2017,5.963,SI,,,,
Slovenia,SVN,2018,6.082,SI,,,,
Slovenia,SVN,2019,6.234,SI,,,,
Slovenia,SVN,2020,6.943,SI,,1686.0,,
Slovenia,,2021,,,56.09,19121.0,,
Slovenia,,2022,,,57.66,8985.0,,
Solomon Islands,,2021,,,7.72,2317.0,,
Solomon Islands,,2022,,,35.12,11404.0,,
Somalia,,2021,,,4.6,34098.0,,
Somalia,,2022,,,35.94,111118.0,,
Somalia,,2023,,,43.57,18673.0,,
South Africa,ZAF,2000,2.685,SF,,,,
South Africa,ZAF,2001,2.403,SF,,,,
South Africa,ZAF,2002,2.306,SF,,,,
South Africa,ZAF,2003,2.791,SF,,,,
South Africa,ZAF,2004,2.732,SF,,,,
South Africa,ZAF,2005,2.745,SF,,,,
South Africa,ZAF,2006,2.837,SF,,,,
South Africa,ZAF,2007,2.919,SF,,,,
South Africa,ZAF,2008,2.998,SF,,,,
South Africa,ZAF,2009,3.381,SF,,,,
South Africa,ZAF,2010,3.572,SF,,,,
South Africa,ZAF,2011,3.692,SF,,,,
South Africa,ZAF,2012,3.696,SF,,,,
South Africa,ZAF,2013,3.699,SF,,,,
South Africa,ZAF,2014,3.64,SF,,,,
South Africa,ZAF,2015,3.753,SF,,,,
South Africa,ZAF,2016,3.751,SF,,,,
South Africa,ZAF,2017,3.745,SF,,,,
South Africa,ZAF,2018,3.781,SF,,,,
South Africa,ZAF,2019,3.937,SF,,,,
South Africa,ZAF,2020,4.357,SF,,,,
South Africa,,2021,,,26.44,241230.0,,
South Africa,,2022,,,35.13,85634.0,,
South Africa,,2023,,,35.13,26042.0,,
South America,,2020,,,0.0,21499.0,,
South America,,2021,,,63.24,3607374.0,,
South America,,2022,,,76.72,2902137.0,,
South America,,2023,,,77.18,393353.0,,
South America,,2024,,,77.18,16962.0,,
South Korea,KOR,2000,2.016,KS,,,,
South Korea,KOR,2001,2.365,KS,,,,
South Korea,KOR,2002,2.234,KS,,,,
South Korea,KOR,2003,2.351,KS,,,,
South Korea,KOR,2004,2.346,KS,,,,
South Korea,KOR,2005,2.481,KS,,,,
South Korea,KOR,2006,2.737,KS,,,,
South Korea,KOR,2007,2.822,KS,,,,
South Korea,KOR,2008,2.893,KS,,,,
South Korea,KOR,2009,3.22,KS,,,,
South Korea,KOR,2010,3.291,KS,,,,
South Korea,KOR,2011,3.301,KS,,,,
South Korea,KOR,2012,3.321,KS,,,,
South Korea,KOR,2013,3.392,KS,,,,
South Korea,KOR,2014,3.499,KS,,,,
South Korea,KOR,2015,3.604,KS,,,,
South Korea,KOR,2016,3.749,KS,,,,
South Korea,KOR,2017,3.887,KS,,,,
South Korea,KOR,2018,4.141,KS,,,,
South Korea,KOR,2019,4.547,KS,,,,
South Korea,KOR,2020,4.79,KS,,,,
South Korea,,2021,,,81.67,881020.0,,
South Korea,,2022,,,85.6,545956.0,,
South Korea,,2023,,,85.64,,,
South Sudan,,2021,,,1.66,4779.0,,
South Sudan,,2022,,,20.25,23530.0,,
South Sudan,,2023,,,39.16,97376.0,,
Spain,ESP,2000,4.854,SP,,,,
Spain,ESP,2001,4.808,SP,,,,
Spain,ESP,2002,4.83,SP,,,,
Spain,ESP,2003,5.375,SP,,,,
Spain,ESP,2004,5.452,SP,,,,
Spain,ESP,2005,5.536,SP,,,,
Spain,ESP,2006,5.638,SP,,,,
Spain,ESP,2007,5.715,SP,,,,
Spain,ESP,2008,6.127,SP,,,,
Spain,ESP,2009,6.814,SP,,,,
Spain,ESP,2010,6.761,SP,,,,
Spain,ESP,2011,6.706,SP,,,,
Spain,ESP,2012,6.572,SP,,,,
Spain,ESP,2013,6.407,SP,,,,
Spain,ESP,2014,6.346,SP,,,,
Spain,ESP,2015,6.453,SP,,,,
Spain,ESP,2016,6.355,SP,,,,
Spain,ESP,2017,6.268,SP,,,,
Spain,ESP,2018,6.276,SP,,,,
Spain,ESP,2019,6.399,SP,,,,
Spain,ESP,2020,7.782,SP,,,,
Spain,,2021,,,79.63,670109.0,,
Spain,,2022,,,85.62,288995.0,,
Spain,,2023,,,85.66,46692.0,,
Sri Lanka,,2021,,,63.41,475620.0,,
Sri Lanka,,2022,,,67.57,127606.0,,
Sudan,,2021,,,2.63,33000.0,,
Sudan,,2022,,,17.71,159116.0,,
Sudan,,2023,,,28.62,146536.0,,
Suriname,,2021,,,36.93,6238.0,,
Suriname,,2022,,,38.49,397.0,,
Sweden,SWE,2000,6.266,SW,,,,
Sweden,SWE,2001,6.459,SW,,,,
Sweden,SWE,2002,6.737,SW,,,,
Sweden,SWE,2003,6.895,SW,,,,
Sweden,SWE,2004,6.713,SW,,,,
Sweden,SWE,2005,6.697,SW,,,,
Sweden,SWE,2006,6.606,SW,,,,
Sweden,SWE,2007,6.568,SW,,,,
Sweden,SWE,2008,6.774,SW,,,,
Sweden,SWE,2009,7.228,SW,,,,
Sweden,SWE,2010,6.855,SW,,,,
Sweden,SWE,2011,8.876,SW,,,,
Sweden,SWE,2012,9.126,SW,,,,
Sweden,SWE,2013,9.232,SW,,,,
Sweden,SWE,2014,9.302,SW,,,,
Sweden,SWE,2015,9.163,SW,,,,
Sweden,SWE,2016,9.234,SW,,,,
Sweden,SWE,2017,9.271,SW,,,,
Sweden,SWE,2018,9.398,SW,,,,
Sweden,SWE,2019,9.303,SW,,,,
Sweden,SWE,2020,9.848,SW,,,,
Sweden,,2021,,,68.78,110659.0,,
Sweden,,2022,,,71.95,78216.0,,
Sweden,,2023,,,71.98,69666.0,,
Sweden,,2024,,,,2799.0,,
Switzerland,CHE,2000,5.309,SZ,,,,
Switzerland,CHE,2001,5.617,SZ,,,,
Switzerland,CHE,2002,6.022,SZ,,,,
Switzerland,CHE,2003,6.247,SZ,,,,
Switzerland,CHE,2004,6.296,SZ,,,,
Switzerland,CHE,2005,6.343,SZ,,,,
Switzerland,CHE,2006,5.983,SZ,,,,
Switzerland,CHE,2007,5.879,SZ,,,,
Switzerland,CHE,2008,6.059,SZ,,,,
Switzerland,CHE,2009,6.498,SZ,,,,
Switzerland,CHE,2010,6.484,SZ,,,,
Switzerland,CHE,2011,6.588,SZ,,,,
Switzerland,CHE,2012,6.883,SZ,,,,
Switzerland,CHE,2013,7.112,SZ,,,,
Switzerland,CHE,2014,7.15,SZ,,,,
Switzerland,CHE,2015,7.423,SZ,,,,
Switzerland,CHE,2016,7.628,SZ,,,,
Switzerland,CHE,2017,7.755,SZ,,,,
Switzerland,CHE,2018,7.501,SZ,,,,
Switzerland,CHE,2019,7.729,SZ,,,,
Switzerland,CHE,2020,8.331,SZ,,814.0,,
Switzerland,,2021,,,,92595.0,,
Switzerland,,2022,,,,70749.0,,
Switzerland,,2023,,,,1837.0,,
Syria,,2021,,,3.53,90157.0,,
Syria,,2022,,,10.06,90157.0,,
Syria,,2023,,,10.66,1298.0,,
Taiwan,,2021,,,67.63,397707.0,,
Taiwan,,2022,,,86.33,585216.0,,
Taiwan,,2023,,,87.02,54323.0,,
Tajikistan,,2021,,,29.09,88171.0,,
Tajikistan,,2022,,,51.95,65092.0,,
Tajikistan,,2023,,,52.17,9091.0,,
Tanzania,,2021,,,2.51,33284.0,,
Tanzania,,2022,,,44.69,263699.0,,
Tanzania,,2023,,,49.11,68686.0,,
Thailand,THA,2000,1.797,TH,,,,
Thailand,THA,2001,1.754,TH,,,,
Thailand,THA,2002,2.165,TH,,,,
Thailand,THA,2003,2.128,TH,,,,
Thailand,THA,2004,2.093,TH,,,,
Thailand,THA,2005,2.088,TH,,,,
Thailand,THA,2006,2.334,TH,,,,
Thailand,THA,2007,2.517,TH,,,,
Thailand,THA,2008,2.704,TH,,,,
Thailand,THA,2009,2.733,TH,,,,
Thailand,THA,2010,2.584,TH,,,,
Thailand,THA,2011,2.814,TH,,,,
Thailand,THA,2012,2.754,TH,,,,
Thailand,THA,2013,2.701,TH,,,,
Thailand,THA,2014,2.854,TH,,,,
Thailand,THA,2015,2.864,TH,,,,
Thailand,THA,2016,2.978,TH,,,,
Thailand,THA,2017,2.872,TH,,,,
Thailand,THA,2018,2.851,TH,,,,
Thailand,THA,2019,2.832,TH,,,,
Thailand,THA,2020,3.18,TH,,,,
Thailand,,2021,,,64.6,846179.0,,
Thailand,,2022,,,74.6,473154.0,,
Timor,,2021,,,39.74,11248.0,,
Timor,,2022,,,58.93,7358.0,,
Timor,,2023,,,59.77,898.0,,
Togo,,2021,,,11.54,37978.0,,
Togo,,2022,,,16.45,5901.0,,
Togo,,2023,,,17.56,162.0,,
Tokelau,,2021,,,51.14,23.0,,
Tokelau,,2022,,,116.38,62.0,,
Tonga,,2021,,,52.99,2026.0,,
Tonga,,2022,,,72.06,2014.0,,
Tonga,,2023,,,72.39,12.0,,
Trinidad and Tobago,,2021,,,43.68,17908.0,,
Trinidad and Tobago,,2022,,,46.82,3661.0,,
Tunisia,,2021,,,47.93,167388.0,,
Tunisia,,2022,,,51.74,60481.0,,
Tunisia,,2023,,,51.81,4904.0,,
Turkey,TUR,2000,2.837,TU,,,,
Turkey,TUR,2001,3.287,TU,,,,
Turkey,TUR,2002,3.542,TU,,,,
Turkey,TUR,2003,3.57,TU,,,,
Turkey,TUR,2004,3.52,TU,,,,
Turkey,TUR,2005,3.315,TU,,,,
Turkey,TUR,2006,3.543,TU,,,,
Turkey,TUR,2007,3.603,TU,,,,
Turkey,TUR,2008,3.793,TU,,,,
Turkey,TUR,2009,4.423,TU,,,,
Turkey,TUR,2010,3.916,TU,,,,
Turkey,TUR,2011,3.682,TU,,,,
Turkey,TUR,2012,3.519,TU,,,,
Turkey,TUR,2013,3.425,TU,,,,
Turkey,TUR,2014,3.357,TU,,,,
Turkey,TUR,2015,3.217,TU,,,,
Turkey,TUR,2016,3.361,TU,,,,
Turkey,TUR,2017,3.248,TU,,,,
Turkey,TUR,2018,3.189,TU,,,,
Turkey,TUR,2019,3.387,TU,,,,
Turkey,TUR,2020,3.64,TU,,,,
Turkey,,2021,,,60.47,1264431.0,,
Turkey,,2022,,,62.31,581065.0,,
Turkmenistan,,2021,,,0.3,19106.0,,
Turkmenistan,,2022,,,45.41,75456.0,,
Turkmenistan,,2023,,,71.05,75456.0,,
Turks and Caicos Islands,,2021,,,59.34,517.0,,
Turks and Caicos Islands,,2022,,,66.24,122.0,,
Turks and Caicos Islands,,2023,,,67.16,7.0,,
Tuvalu,,2021,,,51.91,240.0,,
Tuvalu,,2022,,,82.24,220.0,,
Tuvalu,,2023,,,83.86,8.0,,
Uganda,,2021,,,2.98,177260.0,,
Uganda,,2022,,,27.43,294514.0,,
Uganda,,2023,,,27.64,1918.0,,
Uganda,,2025,,,,,1.0,0.0
Ukraine,UKR,2000,2.508,UP,,,,
Ukraine,UKR,2001,2.697,UP,,,,
Ukraine,UKR,2002,2.958,UP,,,,
Ukraine,UKR,2003,3.515,UP,,,,
Ukraine,UKR,2004,3.28,UP,,,,
Ukraine,UKR,2005,3.589,UP,,,,
Ukraine,UKR,2006,3.735,UP,,,,
Ukraine,UKR,2007,3.434,UP,,,,
Ukraine,UKR,2008,3.076,UP,,,,
Ukraine,UKR,2009,3.714,UP,,,,
Ukraine,UKR,2010,3.693,UP,,,,
Ukraine,UKR,2011,3.427,UP,,,,
Ukraine,UKR,2012,3.743,UP,,,,
Ukraine,UKR,2013,3.344,UP,,,,
Ukraine,UKR,2014,3.463,UP,,,,
Ukraine,UKR,2015,3.755,UP,,,,
Ukraine,UKR,2016,3.652,UP,,,,
Ukraine,UKR,2017,3.561,UP,,,,
Ukraine,UKR,2018,3.529,UP,,,,
Ukraine,UKR,2019,3.226,UP,,,,
Ukraine,UKR,2020,3.727,UP,,,,
Ukraine,,2021,,,34.65,255007.0,,
Ukraine,,2022,,,38.17,78862.0,,
Ukraine,,2023,,,39.65,6125.0,,
United Arab Emirates,,2021,,,95.96,155312.0,,
United Arab Emirates,,2022,,,103.72,37737.0,,
United Kingdom,GBR,2000,5.388,UK,,,,
United Kingdom,GBR,2001,5.61,UK,,,,
United Kingdom,GBR,2002,6.004,UK,,,,
United Kingdom,GBR,2003,6.27,UK,,,,
United Kingdom,GBR,2004,6.635,UK,,,,
United Kingdom,GBR,2005,6.774,UK,,,,
United Kingdom,GBR,2006,6.997,UK,,,,
United Kingdom,GBR,2007,7.01,UK,,,,
United Kingdom,GBR,2008,7.303,UK,,,,
United Kingdom,GBR,2009,8.102,UK,,,,
United Kingdom,GBR,2010,7.987,UK,,,,
United Kingdom,GBR,2011,7.966,UK,,,,
United Kingdom,GBR,2012,7.963,UK,,,,
United Kingdom,GBR,2013,7.884,UK,,,,
United Kingdom,GBR,2014,7.883,UK,,,,
United Kingdom,GBR,2015,7.846,UK,,,,
United Kingdom,GBR,2016,7.841,UK,,,,
United Kingdom,GBR,2017,7.657,UK,,,,
United Kingdom,GBR,2018,7.709,UK,,,,
United Kingdom,GBR,2019,7.887,UK,,,,
United Kingdom,GBR,2020,10.107,UK,,,,
United Kingdom,,2021,,,70.26,970350.0,,
United Kingdom,,2022,,,75.19,292772.0,,
United States,USA,2000,5.543,US,,,,
United States,USA,2001,5.968,US,,,,
United States,USA,2002,6.326,US,,,,
United States,USA,2003,6.524,US,,,,
United States,USA,2004,6.61,US,,,,
United States,USA,2005,6.63,US,,,,
United States,USA,2006,6.784,US,,,,
United States,USA,2007,6.886,US,,,,
United States,USA,2008,7.197,US,,,,
United States,USA,2009,7.831,US,,,,
United States,USA,2010,7.887,US,,,,
United States,USA,2011,7.875,US,,,,
United States,USA,2012,7.852,US,,,,
United States,USA,2013,7.886,US,,,,
United States,USA,2014,13.329,US,,,,
United States,USA,2015,13.598,US,,,,
United States,USA,2016,13.827,US,,,,
United States,USA,2017,13.795,US,,,,
United States,USA,2018,13.691,US,,,,
United States,USA,2019,13.687,US,,,,
United States,USA,2020,15.635,US,0.01,407933.0,,
United States,,2021,,,63.36,3508126.0,,
United States,,2022,,,69.15,1263819.0,,
United States,,2023,,,69.47,193697.0,,
Update 3,,2021,,,,,0.0,0.0
Upper middle income,,2020,,,0.0,282813.0,,
Upper middle income,,2021,,,71.47,27328266.0,,
Upper middle income,,2022,,,78.5,14976138.0,,
Upper middle income,,2023,,,78.81,1437627.0,,
Upper middle income,,2024,,,78.81,19048.0,,
Uruguay,,2021,,,78.43,49542.0,,
Uruguay,,2022,,,84.79,22107.0,,
Uruguay,,2023,,,84.82,26479.0,,
Uzbekistan,,2021,,,32.06,426314.0,,
Uzbekistan,,2022,,,51.14,172002.0,,
Uzbekistan,,2023,,,53.29,66469.0,,
Vanuatu,,2021,,,15.43,1977.0,,
Vanuatu,,2022,,,40.31,8843.0,,
Vanuatu,,2023,,,49.66,696.0,,
Venezuela,,2021,,,41.02,466473.0,,
Venezuela,,2022,,,52.88,229940.0,,
Vietnam,,2021,,,69.7,1675471.0,,
Vietnam,,2022,,,87.29,1147290.0,,
Vietnam,,2023,,,87.55,18781.0,,
Wales,,2021,,,72.66,61187.0,,
Wales,,2022,,,77.97,25260.0,,
Wales,,2023,,,78.14,5737.0,,
Wallis and Futuna,,2021,,,51.08,343.0,,
Wallis and Futuna,,2022,,,58.59,432.0,,
Wallis and Futuna,,2023,,,58.67,1.0,,
West Africa,,2014,,,,,0.0,45.0
World,,2020,,,0.0,895090.0,,
World,,2021,,,48.64,43691814.0,,
World,,2022,,,63.25,35151831.0,,
World,,2023,,,64.93,4456190.0,,
World,,2024,,,64.93,39220.0,,
Yemen,,2021,,,0.64,10240.0,,
Yemen,,2022,,,2.25,5969.0,,
Yemen,,2023,,,2.4,1077.0,,
Zambia,,2021,,,6.08,28490.0,,
Zambia,,2022,,,42.74,180289.0,,
Zambia,,2023,,,46.03,9737.0,,
Zimbabwe,,2021,,,19.21,75000.0,,
Zimbabwe,,2022,,,29.11,121347.0,,
country outbreak Update 37,,2021,,,,,0.0,0.0
derived poliovirus type 2 - Democratic Republic of the Congo,,2019,,,,,1.0,0.0
situation in China – update 51,,2005,,,,,0.0,0.0
situation in China – update 7,,2006,,,,,0.0,0.0
situation in Egypt,,2006,,,,,0.0,0.0
situation in Egypt - update 4,,2007,,,,,0.0,0.0
situation in Egypt - update 4,,2009,,,,,0.0,0.0
situation in Indonesia,,2010,,,,,0.0,0.0
situation in Indonesia – update,,2012,,,,,0.0,0.0
situation in Indonesia – update 7,,2007,,,,,0.0,0.0
update,,2012,,,,,0.0,0.0
update,,2013,,,,,0.0,0.0
update,,2014,,,,,0.0,0.0
update 16: Situation in Viet Nam,,2004,,,,,0.0,0.0
update 3,,2004,,,,,0.0,0.0
update 4,,2004,,,,,0.0,0.0
update 55,,2021,,,,,0.0,0.0
